competition_name,competition_short_name,competition_level,category,organizer,suitable_majors,required_skills,directions,entry_format,preparation_cycle,time_requirement_level,difficulty_level,registration_time,submission_time,team_type,suitable_for_project_transfer,required_materials,risk_points,source_link,suitable_award_goals,suitable_for_baoyan,award_rate_reference
中国国际大学生创新大赛,互联网+大赛,国家级A类（A1）,创新创业类,教育部、中央统战部、中央网信办等十多部委,全专业,"商业计划书,PPT,答辩,路演,项目管理,市场分析,财务测算","高教主赛道(本科生创意/初创/成长/师生共创),青年红色筑梦之旅赛道,职教赛道,产业赛道","商业计划书,路演PPT,演示视频,实物或软件作品",3个月以上,3,高,每年4-6月（以官方通知为准）,每年7-9月省赛/10-11月国赛,团队（成员一般≤15人，含负责人1名）,是,"商业计划书Word/PDF,路演PPT,项目演示Demo/视频,获奖证书/专利/论文支撑材料,1分钟项目VCR,答辩演讲稿","竞争激烈（省赛获奖率约10-15%）,项目打磨周期长,团队人员流动风险,路演答辩临场发挥波动大,需持续迭代优化",https://cy.ncss.cn,"校奖,省奖,国奖",是,竞争激烈（省赛获奖率约10-15%）
"""挑战杯""全国大学生课外学术科技作品竞赛",挑战杯（大挑）,国家级A类（A1）,创新创业类,共青团中央、中国科协、教育部、中国社会科学院、全国学联,全专业,"学术研究,论文撰写,PPT,答辩,实验设计,数据分析","自然科学类学术论文,哲学社会科学类社会调查报告,科技发明制作A/B类","学术论文,调查报告,科技发明实物,作品申报书,展板,PPT",3个月以上,3,高,每年9-12月校赛（以官方通知为准）,次年3-5月省赛/10-11月国赛,团队（≤8人）,是,"作品申报书,学术论文/调查报告/科技发明实物,支撑材料(论文/专利/查新报告),展板设计稿,答辩PPT,项目介绍视频","校赛竞争激烈淘汰率高,学术论文类需提前半年以上准备,科技发明类需实物制作周期长,评审重创新性和社会价值",https://www.tiaozhanbei.net,"校奖,省奖,国奖",是,"省赛约5-10%,国赛约1-3%"
"""挑战杯""中国大学生创业计划竞赛",挑战杯（小挑）,国家级A类（A2）,创新创业类,共青团中央、教育部、人力资源和社会保障部、中国科协、全国学联,全专业,"商业计划书,财务测算,市场分析,PPT,答辩,路演","科技创新和未来产业,乡村振兴和农业农村现代化,社会治理和公共服务,生态环保和可持续发展,文化创意和区域合作","创业计划书,路演PPT,产品/服务演示",3个月以上,3,高,每年11月-次年3月（以官方通知为准）,次年5-8月省赛/10-11月国赛,团队（≤8人）,是,"创业计划书Word/PDF,路演PPT(20页内),项目Demo/样品,财务测算表,市场调研报告,1分钟项目VCR","商业逻辑需自洽,财务数据需详实可信,省赛至国赛间隔短需快速迭代,团队分工需明确",https://www.tiaozhanbei.net,"校奖,省奖,国奖",是,"省赛约5-10%,国赛约1-3%"
全国大学生数学建模竞赛,国赛/数学建模国赛（CUMCM）,国家级A类（A2）,数学类,教育部高等教育司、中国工业与应用数学学会,"数学与应用数学,信息与计算科学,统计学,计算机科学与技术,自动化,经济学","数学建模,MATLAB,Python,SPSS,Lingo,LaTeX,论文写作,优化算法,统计分析","本科组(A/B题),专科组(C/D题)",论文(含附录代码、支撑材料),1-3个月,2,中,每年6-7月（以官方通知为准）,每年9月连续3天72小时,团队（3人/队）,否,"历年赛题与优秀论文,建模工具(MATLAB/Python),LaTeX论文模板,参考文献库,团队分工脚本","限时72小时压力大,选题策略失误影响大,数据处理意外风险,论文排版时间紧张",https://www.mcm.edu.cn,"校奖,省奖,国奖",是,"省赛约15-20%,国赛约3-5%"
中国大学生工程实践与创新能力大赛,工创大赛,国家级A类（A2）,综合类,教育部高等教育司、教育部高等学校工程训练教学指导委员会,"机械工程,机械电子工程,自动化,电子信息工程,工业设计,材料成型,智能制造工程","机械设计,SolidWorks,3D打印,CNC加工,单片机,嵌入式,商业计划书","工程基础赛道,智能+赛道,虚拟仿真赛道,文化创意赛道,创新创业赛道","实物作品,技术方案,演示视频,商业计划书,PPT",3个月以上,3,高,每年11月-次年3月,次年5-6月校赛/7-8月省赛/11月国赛,团队（≤7人）,是,"工程实物样机,设计方案/图纸,技术说明书,演示视频,PPT,商业计划书(创新创业赛道)","实物制作成本高,跨学科组队难度大,机械加工周期长,调试失败风险",https://www.gcsjcx.com,"校奖,省奖,国奖",是,"省赛约5-10%,国赛约1-3%"
全国大学生艺术展演活动,大艺展,国家级A类（A2）,艺术类,教育部,"音乐学,舞蹈学,美术学,设计学,戏剧影视,播音主持,广播电视编导,艺术教育","声乐演唱,器乐演奏,舞蹈表演,戏剧表演,朗诵,绘画,书法,摄影,设计,视频制作","艺术表演类(声乐/器乐/舞蹈/戏剧/朗诵),艺术作品类(绘画/书法/篆刻/摄影/设计/影视),艺术实践工作坊,高校美育改革创新优秀成果","舞台表演视频,艺术作品原件,工作坊展示方案,学术论文/教改案例",3个月以上,3,中,2026年4-7月校级展演（以官方通知为准）,2026年8-12月省级展演/2027年1-6月全国汇演,个人或团队（集体项目人数不等，视具体类别而定）,部分,"表演视频/音频,艺术作品原件/照片,展演报名表,指导教师推荐意见,校级展演证明","集体项目排练组织难度大,艺术类选拔主观性强,省级名额有限,三年一届机会难得",教育部教体艺函〔2026〕2号 http://www.moe.gov.cn/srcsite/A17/moe_794/moe_628/202604/t20260421_1434298.html,"校奖,省奖,国奖",是,"省赛约15-20%,国赛约3-5%"
全国大学生职业规划大赛,职规赛,国家级A类（A3）,综合类,教育部、天津市人民政府,全专业,"职业规划,自我认知,PPT,答辩,简历制作,面试技巧,演讲表达","成长赛道(非毕业年级),就业赛道(毕业年级/研究生),课程教学赛道(教师)","生涯发展报告/求职简历,PPT,现场演讲,答辩展示,实习/录用意向证明",1-3个月,2,中,每年10月-次年1月（以官方通知为准）,校赛10月-次年3月/省赛3月/国赛4月,个人,否,"生涯发展报告/求职简历,PPT,支撑材料(实习证明/获奖证书),自我介绍视频","主观评审差异大,成长赛道需长期积累素材,就业赛道需真实求职意向",教育部教学函〔2025〕2号 https://zgs.chsi.com.cn,"校奖,省奖,国奖",是,"省赛约20-30%,国赛约5-10%"
"""中国软件杯""大学生软件设计大赛",中国软件杯,国家级A类（A3）,计算机类,工业和信息化部、教育部、江苏省人民政府,"软件工程,计算机科学与技术,人工智能,信息管理与信息系统","Java,Python,前端开发,数据库,需求分析,文档撰写,答辩","企业命题赛道(华为/百度/阿里等),开放命题赛道","源代码,需求文档,设计文档,使用说明书,PPT,演示视频",3个月以上,3,中,每年3-4月（以官方通知为准）,每年7-8月全国总决赛,团队（≤5人，1-2名指导教师）,是,"完整项目源代码,需求规格说明书,系统设计文档,用户使用手册,功能演示视频,答辩PPT","企业命题须满足甲方要求,技术栈需与企业匹配,作品评审标准逐年变化",http://www.cnsoftbei.com,"校奖,省奖,国奖",是,"省赛约20-30%,国赛约5-10%"
中国大学生服务外包创新创业大赛,服创大赛,国家级A类（A3）,创新创业类,教育部高等学校计算机类专业教学指导委员会、中国服务外包产业合作组织等,"软件工程,计算机科学与技术,信息管理与信息系统,数字媒体技术,人工智能","软件开发,系统设计,商业计划书,PPT,答辩,需求文档","企业命题赛道(AI/大数据/云计算/区块链等),创新创业赛道","软件作品,源代码,设计文档,使用手册,演示视频,PPT",3个月以上,3,中,每年11月-次年3月（以官方通知为准）,每年5-6月全国总决赛,团队（3-5人，1-2名指导教师）,是,"软件系统/平台,设计文档,技术白皮书,商业计划书(创业赛道),功能演示视频,项目部署说明,答辩PPT","企业命题需切题度高,创业赛道需商业模式可行,竞争对手多为985/211高校",http://www.fwwb.org.cn,"校奖,省奖,国奖",是,"省赛约20-30%,国赛约5-10%"
全国大学生集成电路创新创业大赛,集创赛,国家级A类（A3）,电子类,工业和信息化部人才交流中心,"集成电路设计与集成系统,微电子科学与工程,电子科学与技术,电子信息工程,通信工程,计算机科学与技术","模拟电路设计,数字电路设计,Verilog/VHDL,FPGA,版图设计,EDA工具,嵌入式系统,芯片测试","芯片设计赛道,芯片应用赛道,芯创成果赛道,职业技能赛道(14个技术方向,34个企业杯赛)","设计报告,源代码,版图文件,仿真结果,演示视频,答辩PPT",3个月以上,3,高,每年1-3月（以官方通知为准，2026年第十届报名截止3月31日）,5月初赛/6月分赛区决赛/7月全国总决赛,团队（1-3人，指导教师1-2名）,部分,"芯片设计源代码,设计报告,仿真验证报告,版图文件,实物演示(芯片应用赛道),答辩PPT","EDA工具使用门槛高,流片成本极高(多数赛道不需流片),技术难度大,适合有集成电路专业基础的团队",http://univ.ciciec.com,"校奖,省奖,国奖",是,省级获奖率约10-15%
ACM-ICPC 国际大学生程序设计竞赛（亚洲区）,ICPC,国家级A类（A3）,计算机类,ICPC Foundation / ICPC亚洲区组委会,"计算机科学与技术,软件工程,信息安全,数学与应用数学","C/C++,Java,Kotlin,Python,高级算法,数据结构,数学推理","亚洲区域赛(沈阳/南京/济南/西安等),EC-Final,World Finals",源代码（OJ提交）,3个月以上,3,高,每年8-9月（以官方通知为准）,每年10-12月区域赛/次年总决赛,团队（3人/队，1名教练）,否,"算法模板库,编程环境配置工具包,历年赛题集,团队协作流程(Copy-Paste-Debug策略)","金牌竞争极激烈(前10%),临场心态影响大,题目难度波动大,团队配合默契需长期磨合",https://icpc.global,"校奖,省奖,国奖",是,省级获奖率约10-15%
全国周培源大学生力学竞赛,周培源力学竞赛,国家级A类（A3）,力学类,教育部高等学校力学教学指导委员会、中国力学学会、周培源基金会,"土木工程,机械工程,工程力学,航空航天工程,材料科学与工程,水利工程","理论力学,材料力学,结构力学分析,实验力学,数学计算","个人赛(理论力学+材料力学闭卷笔试),团体赛(理论设计与操作赛道,基础力学实验赛道,空间轨道设计赛道)","笔试试卷,实验报告,设计方案",1-3个月,2,高,奇数年1-3月(以官方通知为准，第十五届报名截止3月31日),奇数年5月个人赛/7月团体赛,"个人(个人赛),团队(团体赛)",否,"理论力学教材+习题集,材料力学教材+习题集,历年真题,公式手册,计算器","命题范围广(理论力学+材料力学),国一获奖率仅0.5%,个人赛纯笔试无操作空间",http://zpy.cstam.org.cn,"校奖,省奖,国奖",是,国一获奖率仅0.5%
全国大学生电子设计竞赛,电赛/NUEDC,国家级A类（A3）,电子类,教育部高等教育司、工业和信息化部人事教育司,"电子信息工程,通信工程,自动化,微电子,集成电路设计,测控技术与仪器","模拟电路,数字电路,单片机/FPGA,嵌入式开发,电源设计,信号处理,焊接调试,文档撰写","本科组(测控仪器/电源/信号/无线电/控制系统等命题),高职高专组,嵌入式系统专题邀请赛","实物作品,设计报告,演示视频,源代码",1-3个月,2,高,每年4-6月（奇数年全国赛，偶数年省赛/邀请赛）,每年7-8月集中比赛4天3夜,团队（3人/队）,否,"常用元器件(MCU/传感器/电源模块),万用板/PCB打样,焊接工具套件,仪器仪表(示波器/信号源),往届赛题方案库","4天3夜极限设计,硬件调试不确定因素多,赛题方向选择策略关键,熬夜影响判断力",https://nuedc.xjtu.edu.cn,"校奖,省奖,国奖",是,省级获奖率约10-15%
全国大学生嵌入式芯片与系统设计竞赛,嵌入式芯片大赛,国家级A类（A3）,电子类,中国电子教育学会,"电子信息工程,通信工程,计算机科学与技术,自动化,微电子,物联网工程","嵌入式系统开发,C语言,Linux,单片机,FPGA,物联网,AI端侧部署","芯片应用赛道,芯片设计赛道,FPGA创新设计赛道(19个赛题方向)","嵌入式系统实物,设计报告,源代码,演示视频,答辩PPT",3个月以上,3,高,每年2-4月（2026年第九届报名截止4月20日）,7月上旬作品提交/7月分赛区复赛/8月全国总决赛,团队（1-3人，指导教师≤2人）,部分,"开发板及外设模块,设计报告,项目源代码,系统实物,功能演示视频,技术文档","需自购开发平台(成本数百至千元),硬件调试耗时,赛题方向需提前选定",http://www.socchina.net,"校奖,省奖,国奖",是,省级获奖率约10-15%
全国大学生物流设计大赛,物流设计大赛,国家级A类（A3）,综合类,中国物流与采购联合会,"物流管理,物流工程,供应链管理,工业工程,电子商务,交通运输,管理科学与工程","物流系统规划,数据分析,方案设计,数学模型,文案撰写,PPT,答辩","本科组,研究生组(以企业实际案例为背景的方案设计)",方案设计报告(文字/数学模型/算法/软件系统/工程设计),3个月以上,3,高,"两年一届,2025年第九届报名4月（以官方通知为准）",6月初赛/7月复赛/8月总决赛,团队（本科5人/队，研究生3-5人/队）,部分,"企业案例数据,物流规划方案(Word+图纸),数学模型/算法代码,系统原型(如涉及),答辩PPT","两年一届机会少,每校限报2支队伍,需至少2名物流专业学生,案例数据量大分析周期长",http://dspt.clppx.org.cn,"校奖,省奖,国奖",是,省级获奖率约10-15%
全国大学生广告艺术大赛,大广赛,国家级A类（A3）,设计类,教育部高等学校新闻传播学类专业教学指导委员会,"广告学,新闻传播学,视觉传达设计,产品设计,数字媒体艺术,动画,市场营销","创意策划,文案撰写,平面设计,视频拍摄剪辑,Photoshop,Illustrator,Premiere","平面类,视频类,广播类,动画类,微电影类,文案策划类,营销策划类,公益类","平面作品,视频/动画作品,广播音频作品,文案/策划方案",1-3个月,2,中,每年3-4月（以官方通知为准）,5月作品提交/6月省赛/8月国赛,个人或团队（≤5人）,是,"平面设计源文件(PSD/AI),视频/动画成片,广播音频文件,策划方案Word/PDF,报名表,授权承诺书","命题创意同质化竞争,企业命题有偏好倾向,平面类作品数量极多竞争激烈",https://www.sun-ada.net,"校奖,省奖,国奖",是,"省赛约20-30%,国赛约5-10%"
全国大学生机械创新设计大赛,机械创新大赛/机创大赛,国家级A类（A3）,机械类,全国大学生机械创新设计大赛组委会,"机械设计制造及其自动化,机械电子工程,工业设计,自动化,材料成型及控制工程","机械设计,SolidWorks/CAD,3D打印,机电控制,单片机,C语言,动手制作,设计文档","常规赛(特定水产品初加工机械/叶菜洁净化处理包装一体化机械/高性能仿生蝴蝶),数字孪生挑战赛","实物样机,设计说明书,主要设计图纸,介绍视频(3分钟),答辩PPT",3个月以上,3,高,2025年3月发布主题/各校自行安排(2026年常规赛赛季),2026年5月前赛区预赛/6月初评/7月中下旬全国决赛,团队（≤5人，指导教师≤2人）,是,"实物样机,设计说明书,三维模型/工程图纸,3分钟功能演示视频,答辩PPT","必须实物参赛(制作成本数千元),两年一届(第十二届2026年),机械加工周期长,赛题方向固定(须符合主题)",https://umic.moocollege.com,"校奖,省奖,国奖",是,省级获奖率约10-15%
全国大学生结构设计竞赛,结构设计竞赛,国家级A类（A3）,土木类,中国高等教育学会工程教育专业委员会、高等学校土木工程学科专业指导委员会、中国土木工程学会教育工作委员会,"土木工程,工程力学,建筑学,工程管理,水利工程","结构力学分析,材料力学,模型制作,AutoCAD,SAP2000/ANSYS,手工制作",全国统一命题(每年1月发布赛题),"结构模型,理论计算书,介绍与答辩,加载测试",3个月以上,3,高,每年4-7月分区赛（以官方通知为准，第十九届2026年10月国赛）,分区赛4-7月/国赛10月,团队（≤3人/队）,否,"竹材/胶水等模型材料(竞赛统一提供),结构计算书,手工制作工具(刀/尺/砂纸),加载测试设备","模型制作精度要求极高,加载测试现场不确定大,省赛名额有限,须现场14小时限时制作",http://www.structurecontest.com,"校奖,省奖,国奖",是,省级获奖率约10-15%
全国大学生化工设计竞赛,化工设计竞赛,国家级A类（A3）,化工类,中国化工学会、中国化工教育协会,"化学工程与工艺,应用化学,轻化工程,能源化学工程,制药工程,材料化学","化工设计,Aspen Plus,化工制图(AutoCAD),流程模拟,工程经济分析,文档撰写",全国统一命题(年度设计任务书),"化工设计文档,图纸(AutoCAD),流程模拟文件,可行性分析报告,答辩PPT",3个月以上,3,高,每年3月（2026年第二十届报名3月1日-3月31日）,7月15日前提交作品/7月31日前赛区决赛/8月全国总决赛,团队（5人/队，同一学校）,部分,"化工设计说明书,工艺流程图(PFD/P&ID),设备设计图纸,物料衡算/能量衡算文件,工厂/车间布置图,经济分析报告,答辩PPT","设计任务书发布晚(3月)但提交时间紧(7月),软件学习曲线陡峭,每校多支队伍需校内选拔",http://iche.zju.edu.cn,"校奖,省奖,国奖",是,省级获奖率约10-15%
全国大学生信息安全竞赛,信息安全竞赛,国家级A类（A4）,计算机类,中国信息安全测评中心、教育部高等学校网络空间安全专业教学指导委员会,"信息安全,网络空间安全,计算机科学与技术","信息安全,CTF,渗透测试,密码学,Web安全,逆向工程,网络安全","创新实践能力赛(CTF模式),作品赛(自由作品/命题挑战)","安全工具/软件/硬件作品(作品赛),攻防平台WriteUp(技能赛)",1-3个月,2,高,每年5-7月（以官方通知为准）,7月初赛/8月决赛,团队（≤4人/队，1名指导教师）,部分,"网络安全工具包(含漏洞扫描/渗透测试),安全编程代码,CTF平台练习账号,历年赛题集","技能赛需要持续训练CTF题型,知识更新快,作品赛需技术创新点",http://www.ciscn.cn,"校奖,省奖,国奖",是,省级获奖率约10-15%
全国大学生市场调查与分析大赛,市调大赛,国家级A类（A4）,数学类/经管类,中国商业统计学会,"应用统计学,经济学,管理学,市场营销,数学","市场调研,统计分析,SPSS,问卷设计,数据可视化,报告撰写,PPT答辩","本科组,研究生组(选题自定与企业命题)","市场调研报告,数据分析结果,答辩PPT",1-3个月,2,中,每年10-12月（以官方通知为准）,次年4月省赛/5月国赛,团队（3-5人/队）,部分,"问卷数据(线上+线下),数据分析软件(SPSS/Python),调研报告,答辩PPT","数据收集质量和样本量影响分析结果,选题有新颖性要求",中国商业统计学会通知,"校奖,省奖,国奖",是,"省赛约20-30%,国赛约5-10%"
"""外教社杯""全国高校学生跨文化能力大赛",跨文化能力大赛,国家级A类（A4）,外语类,上海外语教育出版社,"商务英语,英语,翻译,跨文化交际,外语类","英语应用,跨文化交际,案例分析,演讲表达,团队协作,文化知识","本科组,研究生组(跨文化案例分析与展示)","跨文化案例视频/展示,现场问答,情景剧表演",1-3个月,2,中,每年4-6月（以官方通知为准）,6-7月省赛/10-11月全国赛,团队（3人/队）,否,"跨文化案例库,英语演讲稿,情景剧脚本,展示PPT","即兴问答环节临场发挥影响大,案例分析深度决定评分",上海外语教育出版社通知,"校奖,省奖,国奖",是,"省赛约20-30%,国赛约5-10%"
全国大学生机器人大赛-①RoboMaster、②RoboCon,机器人大赛(RoboMaster/RoboCon),国家级A类（A4）,机械类/电子类,全国大学生机器人大赛组委会,"机器人工程,机械工程,自动化,电子信息工程,计算机科学与技术","机械结构设计,嵌入式开发,计算机视觉,SLAM,电机控制,运营宣传","RoboMaster超级对抗赛,RoboMaster高校单项赛,RoboCon机器人挑战赛","机器人实物(步兵/英雄/工程/哨兵/无人机),技术方案文档,源代码,宣传视频",3个月以上,3,高,每年9-11月（以官方通知为准）,次年3-4月分区赛/7-8月全国赛,团队（10-50人战队规模，含技术/运营/宣传）,否,"机器人底盘,云台,发射机构,视觉模块,遥控器,结构件,3D打印机,运营宣传物料","机器人研发成本极高(10万+),战队管理复杂,机械故障和通讯干扰风险大,需全年持续备赛",全国大学生机器人大赛组委会,"校奖,省奖,国奖",是,省级获奖率约10-15%
全国大学生光电设计竞赛,光电设计竞赛,国家级A类（A4）,电子类/物理类,中国光学学会,"微电子科学与工程,光电信息科学与工程,电子科学与技术,物理学","光学设计,Zemax,光电检测,电路设计,嵌入式系统,信号处理,路演答辩","创意赛道(光电+AI/物联网/医疗等),光学设计赛道(宇瞳杯)","项目方案设计书,实物作品,演示视频,路演PPT",3个月以上,3,高,每年3-4月（以官方通知为准）,5月作品提交/6月区赛/6月下旬国赛,团队（3人/队，研究生≤1人且不能任队长）,是,"光学仿真软件(Zemax),光电器件/模块,电路设计工具,项目方案书,演示PPT","光学器件成本高,跨学科组队难度大,创意赛道需兼顾技术创新与展示效果",中国光学学会通知,"校奖,省奖,国奖",是,省级获奖率约10-15%
iCAN大学生创新创业大赛,iCAN大赛,国家级A类（A4）,创新创业类,中国信息协会、中国信息协会教育分会,全专业（面向全校一院一赛）,"创新思维,商业计划书,路演答辩,项目Demo,团队协作","创新赛道,创业赛道","商业计划书,路演PPT,项目Demo/原型",1-3个月,2,中,每年3-5月（以官方通知为准）,6-7月省赛/8-9月国赛,团队（3-5人/队）,是,"商业计划书,路演PPT,项目Demo,团队介绍,专利/论文支撑材料","项目需有明显创新点,竞争激烈",湖北工业大学2025年度学科竞赛指南（PDF）,"校奖,省奖,国奖",是,"省赛约20-30%,国赛约5-10%"
全国大学生能源经济学术创意大赛,能源经济大赛,国家级A类（A4）,经管类,中国优选法统筹法与经济数学研究会,"能源经济,经济学,环境经济,管理科学","能源经济学,计量经济学,数据分析,论文写作,调研方法,PPT答辩","研究论文类(优化/计量/泛能源大数据与AI/碳足迹),调研报告类,创新创业类","研究论文,调研报告,创新创业方案",3个月以上,3,中,每年10-11月（以官方通知为准）,2-3月作品提交/3-4月校赛区域赛/5月国赛,团队（1-4人/队，0-2名指导教师）,是,"能源经济数据源,计量分析软件(Stata/Python),论文/报告,答辩PPT","参赛周期长达半年,需提前一年准备数据和选题,学术诚信要求严格(禁止AI生成)",中国优选法统筹法与经济数学研究会通知,"校奖,省奖,国奖",是,"省赛约20-30%,国赛约5-10%"
全国大学生花园设计建造竞赛,花园设计建造竞赛,国家级A类（A4）,设计类/土木类,中国风景园林学会,"风景园林,建筑学,环境设计,城乡规划","风景园林设计,手绘/建模,植物配置,施工图设计,空间营造","设计竞赛,建造竞赛","设计方案图纸,模型,建造实物,设计说明书",3个月以上,3,中,每年3-5月（以官方通知为准）,6月方案评审/7-8月建造实施,团队（3-5人/队）,部分,"设计方案图纸,效果图,模型材料,植物配置方案,施工图","实际建造涉及施工安全和天气因素,方案落地难度大,材料成本较高",中国风景园林学会通知,"校奖,省奖,国奖",是,"省赛约20-30%,国赛约5-10%"
全国大学生物联网设计竞赛,物联网设计竞赛,国家级A类（A4）,计算机类,全国高等学校计算机教育研究会,"计算机科学与技术,物联网工程,电子信息工程,通信工程","嵌入式开发,传感器技术,物联网通信,MQTT/CoAP,云平台,微信小程序,硬件设计","华为鸿蒙赛道,乐鑫ESP赛道,霍尼韦尔赛道,CSA联盟赛道,广和通5G赛道等",物联网系统实物+设计方案文档+演示视频,3个月以上,3,中,每年4-6月（2026年报名4月1日-6月15日）,7月作品提交/8月分赛区决赛/8月底全国总决赛,团队（≤4人/队，指导教师≤2人）,是,"物联网开发板(ESP8266/STM32),传感器模块,云平台账号,系统实物原型,设计文档,演示视频","硬件调试不确定因素多,推荐技术平台需提前申请,需兼顾方案创新性与实物完成度",https://iot.sjtu.edu.cn,"校奖,省奖,国奖",是,"省赛约20-30%,国赛约5-10%"
全国大学生节能减排社会实践与科技竞赛,节能减排大赛,国家级A类（A4）,综合类,教育部高等教育司、教育部高等学校能源动力类专业教学指导委员会,全专业（面向全校一院一赛）,"能源工程,环保技术,创新设计,社会调研,数据统计,报告撰写,PPT答辩","科技作品类(实物/软件),社会实践调查报告类","科技作品实物/软件,社会实践调研报告,演示视频,答辩PPT",3个月以上,3,中,每年3-5月（以官方通知为准）,6月作品提交/8月全国总决赛,团队（≤7人/队）,是,"科技作品实物/模型,社会调查数据,设计说明书,演示视频,答辩PPT","每年主题方向有侧重,实物类需投入制作成本",https://www.jnjp.com (竞赛官网),"校奖,省奖,国奖",是,"省赛约20-30%,国赛约5-10%"
全国大学生数学竞赛,数学竞赛,国家级A类（A4）,数学类,中国数学会,"数学与应用数学,信息与计算科学,统计学及相关专业","高等数学,线性代数,概率论与数理统计,数学分析,解析几何","数学专业组(A类),非数学专业组(B类)",闭卷笔试,1-3个月,2,高,每年5-9月（以官方通知为准）,10月初赛/次年3月决赛,个人,否,"高等数学教材,历年竞赛真题,数学竞赛辅导书,刷题笔记本","命题范围广且灵活,非数学专业组竞争同样激烈",中国数学会通知,"校奖,省奖,国奖",是,省级获奖率约10-15%
全国大学生英语竞赛,英语竞赛（NECCS）,国家级A类（A4）,外语类,教育部高等学校大学外语教学指导委员会,"汉语国际教育,英语,翻译,外语类","英语听力,阅读,写作,翻译,英语综合运用能力","A类(研究生),B类(英语专业本专科),C类(非英语专业本科),D类(艺体类/高职高专)","笔试+听力(初赛),笔试+口试(决赛)",1个月以内,1,中,每年12月-次年3月（以官方通知为准）,4月初赛/5月决赛,个人,否,"历年真题,英语词汇书,听力练习材料,作文模板",获奖率相对稳定但全国决赛竞争激烈,http://www.chinaneccs.cn,"校奖,省奖,国奖",是,获奖率相对稳定但全国决赛竞争激烈
全国大学生化工实验大赛,化工实验大赛,国家级A类（A4）,化工类,中国化工教育协会,"化学工程与工艺,应用化学,轻化工程,材料化学","化工原理,化工单元仿真,实验操作,数据分析,团队协作","东北/华北/华东/西北/西南/中南六大赛区,制药赛道","化工原理理论笔试,单元仿真操作机考,实验操作+实验报告",1-3个月,2,中,每年3-4月（以官方通知为准）,6月赛区选拔赛/7月赛区决赛/8月全国总决赛,团队（3人/队，不得跨校）,否,"化工原理教材,化工仿真软件,实验操作指导书,计算器","3人团队需配合默契,实验操作环节临场发挥关键,各赛区竞争强度不同",中国化工教育协会通知 http://edu.cteic.com/match,"校奖,省奖,国奖",是,"省赛约20-30%,国赛约5-10%"
全国大学生化学实验创新设计大赛,化学实验创新设计大赛,国家级A类（A4）,化工类,中国化学会,"化学,应用化学,材料化学,化工类","化学实验设计,实验操作,数据记录与处理,文献调研,论文撰写","新创实验设计,改进实验设计,科普实验设计","实验方案设计书,实验视频,实验报告",3个月以上,3,中,每年3-5月（以官方通知为准）,6月作品提交/7月分赛区/8月全国决赛,团队（3人/队，指导教师1-2人）,部分,"化学试剂与仪器,实验记录本,实验设计书,演示视频,文献资料","实验安全风险需严格防范,创新性要求高,视频录制需精心准备",中国化学会通知,"校奖,省奖,国奖",是,"省赛约20-30%,国赛约5-10%"
中国大学生计算机设计大赛(4C),4C大赛/计设赛,国家级A类（A4）,计算机类/设计类,教育部高等学校计算机类教指委等,"计算机科学与技术,数字媒体技术,数字媒体艺术,动画,视觉传达设计（微课赛道/环境设计赛道）","UI设计,Photoshop,Premiere,Unity,前端开发,数据分析,AI应用,答辩","软件应用与开发,微课与教学辅助,物联网应用,大数据应用,人工智能应用,信息可视化设计,数媒设计,游戏与交互","软件作品,设计稿件,动画/视频,设计说明书,演示视频,PPT",3个月以上,3,中,每年3-4月（以官方通知为准）,5-6月省赛/7-8月国赛,团队（≤7人/队）,是,"软件/作品原型,设计文档,源代码,演示视频,答辩PPT","赛道多需精准选择,作品需兼顾技术实现与设计美感",http://jsjds.blcu.edu.cn,"校奖,省奖,国奖",是,"省赛约20-30%,国赛约5-10%"
"""21世纪杯""全国英语演讲比赛",21世纪杯,国家级A类（A4）,外语类,中国日报社,"英语,翻译,外语类","英语演讲,口语表达,即兴应答,逻辑思辨,跨文化交际","青年组(大学),少儿组(中小学)","定题演讲稿,即兴演讲,现场问答",1-3个月,2,中,每年1-4月（以官方通知为准）,5月地区复赛/8月全国赛,个人,否,"定题演讲稿,即兴演讲素材库,英语口语练习,模拟问答训练","即兴演讲环节临场发挥影响大,发音和语言质量决定评分",中国日报社通知,"校奖,省奖,国奖",是,"省赛约20-30%,国赛约5-10%"
百度之星·程序设计大赛,百度之星,国家级A类（A4）,计算机类,百度公司,"软件工程,计算机科学与技术,人工智能,数学","C/C++,Java,Python,算法设计,数据结构,ACM编程,逻辑推理","初赛(两场线上),决赛(线下大学组/高中组/小星星组)",OJ提交源代码（算法编程题）,1-3个月,2,高,每年4-6月（以官方通知为准）,6-8月初赛/12月决赛,个人,否,"编程环境,算法模板库,历年赛题集(百度之星题集),OJ平台练习账号","线上初赛人数极多(30万+),晋级率约5%,决赛名额有限",https://astar.baidu.com,"校奖,省奖,国奖",是,省级获奖率约10-15%
"""外研社·国才杯""""理解当代中国""全国大学生外语能力大赛",外研社·国才杯,国家级A类（A4）,外语类,外语教学与研究出版社、教育部高等学校大学外语教学指导委员会,"英语,翻译,商务英语,外语类","英语写作,英语演讲,英语阅读,英语笔译/口译,跨文化沟通","英语演讲,英语写作,英语阅读,英语笔译,英语口译,多语种组(日语/德语/法语/俄语/西班牙语等),短视频组","写作稿件,演讲稿,笔译译文,口译现场表现,短视频作品",1-3个月,2,中,每年6-9月（以官方通知为准）,10-11月校赛/12月省赛/次年1-6月国赛,个人,否,"英语演讲/写作/阅读教材,历年赛题,英语时政文献,口译笔记练习","各赛项独立评审需专注单一赛项,国赛竞争激烈",https://uchallenge.unipus.cn,"校奖,省奖,国奖",是,"省赛约20-30%,国赛约5-10%"
"""工行杯""全国大学生金融科技创新大赛",工行杯,国家级A类（A4）,经管类,中国工商银行,"金融学,经济学,工商管理,计算机科学与技术","金融科技,Java/Python,移动开发,产品设计,商业计划书,PPT答辩","金融科技创新赛道,金融创意赛道","金融科技作品(软件/APP/方案),商业计划书,演示视频,答辩PPT",1-3个月,2,中,每年9-12月（以官方通知为准）,12月作品提交/次年1-3月评审/3-4月全国决赛,团队（3-5人/队）,是,"金融科技产品Demo,商业计划书,技术方案文档,演示视频,答辩PPT","需兼顾金融业务理解与技术实现,企业命题需精准满足银行需求",中国工商银行通知,"校奖,省奖,国奖",是,"省赛约20-30%,国赛约5-10%"
中国大学生机械工程创新创意大赛,机械工程创新创意大赛,国家级A类（A4）,机械类,中国机械工程学会,"智能制造工程,材料成型及控制工程,机械工程,机械设计制造及其自动化","机械设计,SolidWorks/CAD,CAE分析,材料工艺,创新设计","铸造工艺设计赛,智能制造赛,物流技术创意赛,工业工程与精益管理创新赛等","设计方案,工艺文件,三维模型,实物样品,技术报告",3个月以上,3,中,每年3-5月（以官方通知为准）,6-7月省赛/8月国赛,团队（3-5人/队）,是,"三维模型(SolidWorks/CATIA),设计图纸,工艺文件,实物样品,技术报告","各赛道赛题差异大,需仔细选择与专业匹配的赛道",http://www.cmec.org.cn,"校奖,省奖,国奖",是,"省赛约20-30%,国赛约5-10%"
全国大学生计算机系统能力大赛,计算机系统能力大赛,国家级A类（A4）,计算机类,教育部高等学校计算机类专业教学指导委员会、系统能力培养研究专家组,"计算机科学与技术,软件工程,信息安全","计算机体系结构,操作系统,编译原理,RISC-V,CPU设计,C语言,Linux","CPU设计赛道(龙芯杯),操作系统设计赛道,编译系统设计赛道,数据库设计赛道","CPU设计代码(RTL),操作系统内核,编译器和数据库源码,设计文档,演示视频",3个月以上,3,高,每年3-5月（以官方通知为准）,7月作品提交/8月全国总决赛,团队（1-5人/队，指导教师1-2人）,部分,"FPGA开发板,Verilog/VHDL开发环境,RISC-V工具链,设计文档","CPU设计/操作系统开发难度极大,学习曲线陡峭,需要扎实的计算机系统基础",教育部计算机类专业教指委通知,"校奖,省奖,国奖",是,省级获奖率约10-15%
全国大学生工业设计大赛,工业设计大赛,国家级A类（A4）,设计类,教育部高等学校工业设计专业教学指导委员会、广东省教育厅,"工业设计,产品设计,视觉传达设计,交互设计","工业设计,产品设计,手绘/建模(Rhino/Alias),人机工程,CMF设计,用户研究,设计思维","A-智慧出行与创新,B-科技与未来生活,C-文化创新与融合,D-乡村振兴与可持续,E-跨界与协同创新","产品设计效果图,三维模型,实物样机/模型,设计展板,设计说明书",3个月以上,3,中,每年5-7月（以官方通知为准）,7月作品提交/8月初评/9月终评,个人或团队（≤5人/队，指导教师≤2人）,是,"产品设计方案,效果图,三维模型(Rhino/SolidWorks),展板,实物模型","设计类评审主观性较强,需兼顾创意与产业化可行性",教育部工业设计专业教指委通知,"校奖,省奖,国奖",是,"省赛约20-30%,国赛约5-10%"
"全国大学生电子商务""创新、创意及创业""挑战赛",三创赛,国家级A类（A4）,创新创业类,教育部高等学校电子商务类专业教学指导委员会,"电子商务,工商管理,市场营销,信息管理与信息系统","商业计划书,市场调研,商业模式设计,PPT,答辩,新媒体运营","跨境电商,直播电商,数字商业,B2B外贸,乡村振兴等","作品申报书,商业计划书,演示视频,PPT",1-3个月,2,中,每年3-4月（以官方通知为准）,5-6月省赛/7-8月国赛,团队（3-5人/队）,是,"商业计划书,市场调研报告,产品/服务Demo,运营数据(如有),答辩PPT","企业命题需精准把握需求,电商类需实际运营数据支撑",http://www.3chuang.net,"校奖,省奖,国奖",是,"省赛约20-30%,国赛约5-10%"
中国机器人大赛暨RoboCup机器人世界杯中国赛,RoboCup中国赛,国家级A类（A4）,机械类/电子类,中国自动化学会、RoboCup中国委员会,"机器人工程,机械工程,自动化,计算机科学与技术","机器人控制,嵌入式开发,机器视觉,ROS,SLAM,多机器人协同,C++/Python","RoboCup足球机器人(仿真/小型/类人),机器人先进视觉赛,无人机挑战赛,救援机器人,服务机器人","机器人实物,控制程序,技术文档,演示",3个月以上,3,高,每年3-5月（以官方通知为准）,7月分区赛/8月全国赛,团队（3-8人/队）,部分,"机器人平台,开发环境(ROS/Linux),传感器,机械结构,源代码","机器人系统复杂调试周期长,比赛现场不确定因素多,经费投入大",中国自动化学会通知,"校奖,省奖,国奖",是,省级获奖率约10-15%
全国大学生先进成图技术与产品信息建模创新大赛,先进成图大赛,国家级A类（A4）,机械类/土木类,中国图学学会,"测控技术与仪器,建筑学,智能建造,机械工程,土木工程","AutoCAD,SolidWorks,三维建模,工程制图,BIM,轻量化设计,AI应用","机械类(先进成图/增材制造/轻量化/AI/数字化创新),建筑类(成图/BIM/智能结构/全过程咨询),道桥类,水利类,电子类,环艺类","三维模型,工程图纸,设计说明书,增材制造实物",3个月以上,3,中,每年3-4月（以官方通知为准）,5月省赛/7-8月全国总决赛,个人或团队（每校每类限1队，每队≤20人）,部分,"3D建模软件(SolidWorks/CATIA),CAD制图工具,计算机硬件,绘图工具,历年赛题","建模软件熟练度决定比赛效率,省赛晋级国赛名额有限,多赛道同时准备压力大",http://www.chengtudasai.com,"校奖,省奖,国奖",是,"省赛约20-30%,国赛约5-10%"
"""西门子杯""中国智能制造挑战赛",西门子杯,国家级A类（A4）,电子类/自动化类,教育部高等学校自动化类专业教学指导委员会、西门子(中国)有限公司,"自动化,电气工程及其自动化,机械电子工程,智能制造工程","PLC编程,工业自动化,过程控制,运动控制,工业网络,SCADA","智能制造工程设计与应用类(流程行业自动化/离散行业自动化),智能制造创新研发类(自由探索/企业命题)","系统设计方案,仿真模型,实物演示,源代码,技术报告",3个月以上,3,高,每年3-5月（以官方通知为准）,6月初赛/7-8月全国总决赛,团队（3人/队，指导教师1-2人）,部分,"PLC编程软件(TIA Portal),工业仿真软件,自动化设备,技术方案文档","设备依赖性强(西门子平台),软硬件结合调试难度大,需专业实验室支持",教育部自动化教指委通知,"校奖,省奖,国奖",是,省级获奖率约10-15%
两岸新锐设计竞赛·华灿奖,华灿奖,国家级A类（A4）,设计类,中国高等教育学会,"艺术设计,视觉传达设计,产品设计,环境设计,数字媒体艺术","视觉传达设计,产品设计,环境设计,数字媒体,创意策划,Photoshop,AI","平面设计类,产品设计类,空间设计类,数字媒体类,文创设计类","设计作品源文件,展板,设计说明,实物模型",1-3个月,2,中,每年4-7月（以官方通知为准）,7-8月作品提交/9-10月评审/11月颁奖,个人或团队（≤5人/队）,是,"设计软件(PS/AI/3DMax),作品源文件,打印展板,设计说明书","设计类评审主观性较强,两岸高校参赛基数大",中国高等教育学会通知,"校奖,省奖,国奖",是,"省赛约20-30%,国赛约5-10%"
米兰设计周--中国高校设计学科师生优秀作品展,米兰设计周,国家级A类（A4）,设计类,中国教育国际交流协会,"公共艺术,艺术设计,视觉传达设计,环境设计,工业设计","视觉传达设计,环境设计,产品设计,服装设计,数字媒体,创意表达","设计类(视觉传达/环境/产品/服装/数字媒体),论文类(艺术设计理论研究)","设计作品图片+说明,学术论文",1-3个月,2,中,每年10月-次年2月（以官方通知为准）,3月作品提交/5月评审/6月展览,个人或团队（≤3人/队）,是,"设计作品高清图片,设计说明文档,作品展板(打印)","国际化评审标准,提交作品需有中英文双语说明",中国教育国际交流协会通知,"校奖,省奖,国奖",是,"省赛约20-30%,国赛约5-10%"
中国高校计算机大赛,中国高校计算机大赛(C4),国家级A类（A4）,计算机类,全国高等学校计算机教育研究会,"数据科学与大数据技术,计算机科学与技术,软件工程（大数据挑战赛）","Java,Python,Web开发,数据结构,算法,AI,UI设计,嵌入式开发","团体程序设计天梯赛,大数据挑战赛,移动应用创新赛,人工智能创意赛,网络技术挑战赛,嵌入式设计赛,AIGC创新赛,智能交互创新赛","源代码,算法提交,系统作品,设计文档,演示视频",1-3个月,2,中,每年3-5月（各子赛道不同，以官方通知为准）,每年5-8月（各子赛道不同）,个人或团队（视具体子赛道而定，一般≤5人/队）,是,"编程环境,算法模板,项目源代码,设计文档,演示视频","子赛道众多需仔细选择,各赛道赛制差异大",http://www.c4best.cn,"校奖,省奖,国奖",是,"省赛约20-30%,国赛约5-10%"
全国大学生智能汽车竞赛,智能汽车竞赛,国家级A类（A4）,电子类,教育部高等学校自动化类专业教学指导委员会,"电子信息工程,自动化,计算机科学与技术,机械电子工程","单片机,嵌入式系统,电机控制,机器视觉,PID控制,传感器融合,电路设计","基础四轮组,单车拉力组,电磁越野组,智能视觉组,极速越野组,智能交通组等","智能小车实物,技术报告,演示视频",3个月以上,3,高,每年11月-次年3月（以官方通知为准）,4-7月分赛区/8月全国总决赛,团队（3-5人/队）,否,"单片机开发板,电机驱动模块,传感器(摄像头/电磁/超声波),车模底盘,电池,技术报告","硬件调试耗时,机械故障风险,赛道环境变化影响大,经费投入较大",https://smartcar.cdstm.cn,"校奖,省奖,国奖",是,省级获奖率约10-15%
中华经典诵写讲大赛,中华经典诵写讲大赛,国家级A类（A4）,外语类/人文类,教育部、国家语委,"汉语国际教育,英语,汉语言文学,外语类","经典诵读,汉字书写,诗词讲解,篆刻","诵读大赛,书写大赛,讲解大赛,篆刻大赛","诵读视频,书法作品,讲解视频,篆刻作品",1-3个月,2,低,每年4-6月（以官方通知为准）,7月作品提交/8-9月评审,个人,部分,"经典诵读材料,书法用品,录制设备,作品说明",评审主观性较强,教育部暨国家语委通知,"校奖,省奖,国奖",是,"获奖率较高,具体以官方为准"
未来设计师·全国高校数字艺术设计大赛(NCDA),未来设计师大赛(NCDA),国家级A类（A4）,设计类,工业和信息化部人才交流中心,"产品设计,工业设计,视觉传达设计,数字媒体艺术,环境设计","UI设计,视觉传达,数字媒体,动画,VR/AR,游戏设计,Photoshop,Unity","视觉传达设计,数字影像与视频设计,交互设计,环境空间设计,造型设计,时尚设计,数字绘画,数字音乐,游戏设计,元宇宙+设计","设计源文件,数字作品,视频,展板,设计说明",1-3个月,2,中,每年4-6月（以官方通知为准）,6月作品提交/7月省赛/8月国赛,个人或团队（≤6人/队）,是,"设计软件(PS/AI/Unity/Blender),作品源文件,展板,视频,设计说明","赛道多需精准选择,非命题赛道竞争自由度高",工业和信息化部人才交流中心通知,"校奖,省奖,国奖",是,"省赛约20-30%,国赛约5-10%"
全国大学生统计建模大赛,统计建模大赛,国家级A类（A4）,数学类,中国统计教育学会,"统计学,应用统计学,数学,经济学,数据科学","统计学,数据建模,Python/R,数据可视化,论文写作,PPT答辩","本科生组,研究生组(自主选题)","统计建模论文,数据与代码,答辩PPT",1-3个月,2,中,每年2-4月（以官方通知为准）,5月论文提交/7月省赛/8月国赛,团队（3人/队）,部分,"统计软件(R/Python/SPSS),建模论文,数据源,答辩PPT","论文质量要求较高,数据来源需可靠",中国统计教育学会通知,"校奖,省奖,国奖",是,"省赛约20-30%,国赛约5-10%"
全国三维数字化创新设计大赛(3D大赛),3D大赛,国家级A类（A4）,设计类/机械类,科技部国家制造业信息化培训中心、中国图学学会,"工业设计,城乡规划,机械设计,产品设计,建筑学","三维建模,SolidWorks/3ds Max/Maya,3D打印,数字孪生,VR/AR,创新设计","数字工业设计大赛,数字人居设计大赛,数字文化设计大赛,元宇宙创建大赛","三维模型,设计说明书,演示动画/视频,3D打印实物",3个月以上,3,中,每年3-6月（以官方通知为准）,6-7月作品提交/8月省赛/10月国赛,团队（3-5人/队，指导教师1-2人）,是,"3D建模软件,三维模型文件,设计说明书,演示动画,3D打印样品","三维建模对设备和软件要求较高,省赛晋级国赛竞争激烈",科技部国家制造业信息化培训中心通知,"校奖,省奖,国奖",是,"省赛约20-30%,国赛约5-10%"
"""大唐杯""全国大学生新一代信息通信技术大赛",大唐杯,国家级A类（A4）,电子类/通信类,工业和信息化部人才交流中心、中国通信学会,"通信工程,电子信息工程,信息工程,计算机科学与技术","移动通信,5G/6G,通信原理,网络规划,信号处理,Python","本科组,研究生组(移动通信技术/网络规划/通信工程)","理论笔试+仿真操作,方案设计报告",1-3个月,2,中,每年12月-次年3月（以官方通知为准）,4月省赛/6月全国赛,个人或团队（≤3人/队）,否,"移动通信教材,5G网络仿真软件,历年真题,通信原理笔记","知识面覆盖广,需紧跟通信技术前沿,实操环节需专业设备",工业和信息化部人才交流中心通知,"校奖,省奖,国奖",是,"省赛约20-30%,国赛约5-10%"
全国本科院校税收风险管控案例大赛,税收风控大赛,国家级A类（A4）,经管类,中国注册税务师协会,"财政学,税收学,会计学,财务管理,审计学","税务管理,会计学,财务分析,税收法规,风险识别,案例分析,PPT答辩",本科组(税务风险管理案例分析),"案例分析报告,风险管控方案,答辩PPT",1-3个月,2,中,每年5-9月（以官方通知为准）,9-10月省赛/11月全国总决赛,团队（3人/队，指导教师1-2人）,否,"中国税法汇编,企业财务报表,案例分析模板,PPT","税收政策更新快需持续跟进,案例分析需深入挖掘企业实际问题",中国注册税务师协会通知,"校奖,省奖,国奖",是,"省赛约20-30%,国赛约5-10%"
中美青年创客大赛,中美创客大赛,国家级A类（A4）,创新创业类,教育部,全专业,"创新思维,硬件开发,软件开发,设计思维,产品原型,团队协作,路演","主赛道(人工智能/物联网/可持续发展等),分赛道(各分赛区)","作品实物/原型,项目说明书,演示视频,路演PPT",1-3个月,2,中,每年5-7月（以官方通知为准）,7月分赛区/8月全国决赛,团队（≤5人/队）,是,"作品原型/样机,项目计划书,演示视频,路演PPT,团队介绍","需48小时极限创客(总决赛),现场制作不确定因素多,跨文化合作挑战",教育部通知,"校奖,省奖,国奖",是,"省赛约20-30%,国赛约5-10%"
国际大学生智能农业装备创新大赛,智能农业装备大赛,国家级A类（A4）,机械类/农业工程类,中国农业机械学会,"机械工程,农业工程,自动化,计算机科学与技术","机械设计,农业工程,嵌入式开发,传感器技术,自动化控制,创新设计","智能农业装备创新设计,农业机器人,精准农业技术","装备实物,设计方案,技术报告,演示视频",3个月以上,3,中,每年3-5月（以官方通知为准）,6月作品提交/7月评审/8月决赛,团队（3-5人/队）,是,"农业装备样机,设计方案图纸,技术报告,演示视频","农业装备制作成本高,田间实地测试条件限制",中国农业机械学会通知,"校奖,省奖,国奖",是,"省赛约20-30%,国赛约5-10%"
"""学创杯""全国大学生创业综合模拟大赛",学创杯,国家级A类（A4）,创新创业类,高等学校国家级实验教学示范中心联席会,"工商管理,市场营销,会计学,人力资源管理,经济学","创业管理,企业运营,财务分析,市场营销,战略决策,团队协作","创业综合模拟赛道(主体赛),创业营销赛道(专项赛)","创业计划书,模拟运营报告,答辩PPT",1-3个月,2,中,每年1-3月（以官方通知为准）,4月校赛/5月省赛/10月国赛,团队（3人/队，指导教师1-2人）,部分,"创业模拟软件账号,商业计划书,财务报表工具(Excel),运营数据分析","模拟系统策略选择影响大,创业计划书质量差距明显",高等学校国家级实验教学示范中心联席会通知,"校奖,省奖,国奖",是,"省赛约20-30%,国赛约5-10%"
中国好创意暨全国数字艺术设计大赛,中国好创意大赛,国家级A类（A4）,设计类,中国电子视像行业协会,"数字媒体艺术,动画,视觉传达设计,环境设计,艺术与科技","数字媒体艺术,动画设计,视觉传达,交互设计,视频制作,游戏设计,AI创作","视觉传达类,产品造型类,空间设计类,动画类,视频类,交互体验类,数字人像类等20+类别","设计作品,动画/视频,交互原型,数字艺术作品,设计说明",1-3个月,2,中,每年10月-次年5月（以官方通知为准）,5-6月作品提交/7月评审/8月颁奖,个人或团队（≤3人/队）,是,"设计源文件(PS/AI/PR/AE),作品输出文件,设计说明文档","类别极多需精准选择,非命题作品需突出创意亮点",中国电子视像行业协会通知,"校奖,省奖,国奖",是,"省赛约20-30%,国赛约5-10%"
中国高校智能机器人创意大赛,高校智能机器人创意大赛,国家级A类（A4）,机械类/电子类,中国高校智能机器人创意大赛组委会,"工业工程,机器人工程,机械工程,自动化,计算机科学与技术","机器人设计,机械结构,嵌入式开发,传感器融合,控制算法,创新创意","创意类(机器人创意设计),竞技类(机器人对抗/任务),实用类(服务机器人)","机器人实物,设计报告,演示视频,答辩PPT",3个月以上,3,高,每年2-4月（以官方通知为准）,5月作品提交/6月省赛/7-8月国赛,团队（≤5人/队，指导教师≤2人）,是,"机器人平台(MCU/电机/传感器),结构件,设计图纸,源代码,演示视频","机器人调试耗时,机械/硬件故障风险,制作材料成本较高",中国高校智能机器人创意大赛组委会,"校奖,省奖,国奖",是,省级获奖率约10-15%
"""科云杯""全国大学生财会职业能力大赛",科云杯,国家级A类（A4）,经管类,中国商业会计学会,"会计学,财务管理,审计学,税收学,财政学","会计核算,财务管理,税务申报,成本核算,财务软件操作,数据分析",财会职业能力赛(本科组/高职组),"财务软件实操,会计凭证,财务报表,纳税申报表",1-3个月,2,中,每年3-5月（以官方通知为准）,5月省赛/7月国赛,团队（4人/队，指导教师1-2人）,否,"财务软件操作手册,会计实务教材,税法汇编,实操练习题库","软件操作熟练度决定成绩,4人需分工协作",中国商业会计学会通知,"校奖,省奖,国奖",是,"省赛约20-30%,国赛约5-10%"
全国大学生生命科学竞赛（CULSC）,生命科学竞赛(CULSC),国家级A类（A4）,生命科学类,全国大学生生命科学竞赛委员会,"食品科学与工程,生物技术,生物制药,生物工程,生命科学","生命科学知识,实验设计,实验操作,数据分析,论文写作,文献检索","科学探究类(自主选题),创新创业类","实验记录,研究论文,实验报告,答辩PPT",3个月以上,3,中,每年9-12月（以官方通知为准）,次年4月论文提交/6月省赛/8月国赛,团队（1-5人/队，指导教师1-2人）,是,"实验试剂与耗材,实验记录本,研究论文,数据图表,答辩PPT","实验周期长(6个月+),结果不确定性高,经费投入较大",全国大学生生命科学竞赛委员会通知,"校奖,省奖,国奖",是,"省赛约20-30%,国赛约5-10%"
全国大学生金相技能大赛①技能大赛；②金相大会,金相技能大赛,国家级A类（A4）,材料类,教育部高等学校材料类专业教学指导委员会,"材料科学与工程,冶金工程,材料成型及控制工程,金属材料工程","金相制样,材料显微组织分析,磨抛技能,腐蚀操作,显微镜操作","金相技能大赛(个人赛),金相大会(知识+技能)","金相样品,显微组织照片,实验报告",1-3个月,2,中,每年3-5月（以官方通知为准）,6月预赛/7-8月全国决赛,个人（每校≤3人）,否,"金相试样,砂纸(粗到细),抛光布/膏,腐蚀液,显微镜","手工技能要求极高,临场发挥影响大,样品制备质量决定成绩",教育部高等学校材料类专业教学指导委员会通知,"校奖,省奖,国奖",是,"省赛约20-30%,国赛约5-10%"
全球校园人工智能算法精英大赛,人工智能算法精英大赛,国家级A类（A4）,计算机类,江苏省人工智能学会,"智能科学与技术,人工智能,计算机科学与技术,数据科学","Python,机器学习,深度学习,计算机视觉,NLP,算法设计,数据分析","算法挑战赛(分类/检测/预测等),算法应用赛(AI+行业应用)","算法代码,模型文件,技术报告,演示Demo",1-3个月,2,高,每年5-8月（以官方通知为准）,8月报名截止/9月初赛/10月决赛,团队（1-3人/队）,部分,"Python编程环境,深度学习框架(PyTorch/TensorFlow),GPU算力,数据集,算法模型","算法赛需要较强数学和编程基础,GPU算力需求大",江苏省人工智能学会通知,"校奖,省奖,国奖",是,省级获奖率约10-15%
全国高等院校数智化企业经营沙盘大赛,数智化沙盘大赛,国家级A类（A4）,经管类,中国商业联合会,"人力资源管理,工商管理,市场营销,会计学,电子商务","企业经营管理,数智化工具,财务分析,供应链管理,市场决策,团队协作",数智企业经营管理沙盘赛道(模拟经营),"企业经营模拟数据报告,决策方案",1-3个月,2,中,每年3-5月（以官方通知为准）,5-6月省赛/7月国赛,团队（4-5人/队，指导教师1-2人）,否,"企业经营沙盘模拟系统,战略决策模板,财务分析工具","多轮决策压力大,竞争对手策略不可预测",中国商业联合会通知,"校奖,省奖,国奖",是,"省赛约20-30%,国赛约5-10%"
全国大学生数字媒体科技作品及创意竞赛,数字媒体科技竞赛,国家级A类（A4）,计算机类/设计类,中国人工智能学会,"数字媒体技术,数字媒体艺术,动画,计算机科学与技术","数字媒体技术,UI/UX设计,Unity/Unreal,动画制作,视频剪辑,交互设计,AI应用","数字媒体技术应用,数字艺术设计,交互式媒体,虚拟现实(VR/AR),AIGC创作","数字媒体作品(APP/游戏/视频/动画/VR),设计文档,演示视频",1-3个月,2,中,每年5-8月（以官方通知为准）,8月作品提交/9月省赛/10月国赛,团队（≤5人/队，指导教师1-2人）,是,"开发工具(Unity/Unreal/PR/AE),作品成品,设计文档,演示视频","数字媒体工具链复杂,作品渲染输出需高性能设备",中国人工智能学会通知,"校奖,省奖,国奖",是,"省赛约20-30%,国赛约5-10%"
中国机器人及人工智能大赛,机器人及AI大赛,国家级A类（A4）,机械类/电子类,中国人工智能学会,"机器人工程,机械工程,自动化,计算机科学与技术,人工智能","机器人开发,嵌入式系统,机器视觉,SLAM,路径规划,AI算法,ROS","机器人创新赛,机器人竞技赛(足球/武术/服务),机器人应用赛,人工智能创新赛","机器人实物,源代码,技术报告,演示视频",3个月以上,3,高,每年3-5月（以官方通知为准）,6月省赛/7-8月国赛,团队（3-5人/队）,是,"机器人开发平台(ROS/ROS2),传感器(激光雷达/摄像头),电机驱动,机械结构件,源代码","机器人硬件成本较高,现场竞技不确定因素多,需多学科团队协作",中国人工智能学会通知,"校奖,省奖,国奖",是,省级获奖率约10-15%
华为ICT大赛,华为ICT大赛,国家级A类（A4）,计算机类/通信类,华为技术有限公司,"通信工程,电子信息工程,计算机科学与技术,网络工程","路由交换,网络安全,WLAN,云计算,大数据,AI,IoT,5G","实践赛(网络/云/计算赛道),创新赛(openEuler/AI/IoT方案)","理论与实践考试(实践赛),创新方案+原型(创新赛)",1-3个月,2,中,每年6-10月（以官方通知为准）,11月初赛/12月国赛/次年5月全球赛,团队（3人/队）,是(创新赛),"华为网络设备模拟器(eNSP),华为认证教材,云计算平台账号,创新方案文档","需熟悉华为技术体系,实践赛偏重认证知识",华为ICT大赛官网,"校奖,省奖,国奖",是,"省赛约20-30%,国赛约5-10%"
全国大学生水利创新设计大赛,水利创新设计大赛,国家级A类（A4）,土木类/水利类,中国水利教育协会,"环境工程,水务工程,水利工程,给排水科学与工程","水利工程,水文水资源,水力学,结构设计,创新设计,模型制作,报告撰写","水利工程创新设计,水资源利用,水生态保护,水利信息化","创新设计作品/模型,设计说明书,演示视频,答辩PPT",3个月以上,3,中,每年3-5月（以官方通知为准）,6月作品提交/7月评审/8月决赛,团队（3-5人/队）,是,"物理模型/样机,设计图纸,计算书,演示视频,答辩PPT","水利模型制作周期较长,实验验证需专业实验室支持",中国水利教育协会通知,"校奖,省奖,国奖",是,"省赛约20-30%,国赛约5-10%"
全国大学生信息安全与对抗技术竞赛,信息安全与对抗竞赛(ISCC),国家级A类（A4）,计算机类,中国兵工学会,"信息安全,网络空间安全,计算机科学与技术","CTF,Web安全,逆向工程,Pwn,密码学,渗透测试,安全编程","个人挑战赛(CTF在线),分组对抗赛(线下AWD),无限擂台赛","CTF解题WriteUp,渗透测试报告,安全工具",1-3个月,2,高,每年4-5月（以官方通知为准）,5月线上赛/7-8月线下决赛,"个人(个人赛),团队(分组对抗赛≤4人)",否,"CTF练习平台账号,网络安全工具(BurpSuite/IDA/GDB),渗透测试环境","CTF题型更新快需持续学习,线下AWD对抗需团队配合",中国兵工学会通知,"校奖,省奖,国奖",是,省级获奖率约10-15%
国际遗传工程机器大赛(iGEM),iGEM,国家级A类（A4）,生命科学类,iGEM Foundation,"生物工程,生物技术,生物制药,生命科学,合成生物学","合成生物学,分子生物学,基因工程,生物信息学,数学建模,网页设计,项目宣传","Overgraduate(研究生),Undergraduate(本科生),High School(高中)","生物元件/系统实物,项目Wiki网站,海报,演示视频,展示演讲",3个月以上,3,高,每年1-3月（以官方通知为准）,全年实验/10月Jamboree全球总决赛,团队（8-20人/队，含指导教师）,是,"DNA序列与质粒,实验设备与试剂,项目Wiki,团队网页,海报,演示PPT","实验周期长(6-10个月),经费投入大(数万元),跨学科团队管理难度大,需英语展示",https://igem.org,"校奖,省奖,国奖",是,省级获奖率约10-15%
全国高校BIM毕业设计创新大赛,BIM毕业设计大赛,国家级A类（A4）,土木类,中国土木工程学会,"工程管理,土木工程,建筑学,工程造价,建筑环境与能源应用工程","BIM建模,Revit,Navisworks,工程造价,施工模拟,项目管理,协同设计","BIM土建建模应用,BIM机电建模应用,BIM造价管理,BIM施工管理,建筑设计,BIM装饰设计","BIM模型,设计图纸,施工模拟视频,造价文件,答辩PPT",3个月以上,3,中,每年9-11月（以官方通知为准）,次年1-3月作品提交/4-5月省赛/6月国赛,团队（3-6人/队，指导教师1-2人）,是,"BIM软件(Revit/Navisworks/Lumion),BIM模型,施工模拟视频,造价报表","BIM软件学习曲线陡峭,团队需分工协作,电脑配置要求高",中国土木工程学会通知,"校奖,省奖,国奖",是,"省赛约20-30%,国赛约5-10%"
中国大学生高分子材料创新创业大赛,高分子材料大赛(PMC),国家级A类（A4）,材料类,中国石油和化学工业联合会,"高分子材料与工程,材料科学与工程,材料化学,化学工程与工艺","高分子材料,材料科学,实验技能,创新设计,商业计划书,PPT答辩","创新设计赛道,创业实践赛道","创新设计方案,实验样品,技术报告,商业计划书",3个月以上,3,中,每年3-5月（以官方通知为准）,6月作品提交/7月评审/8月决赛,团队（3-5人/队）,是,"高分子材料样品,实验方案,技术报告,商业计划书,答辩PPT","实验合成有安全风险,新材料性能验证周期长",中国石油和化学工业联合会通知,"校奖,省奖,国奖",是,"省赛约20-30%,国赛约5-10%"
睿抗机器人开发者大赛（RAICOM）,RAICOM,国家级A类（A4）,机械类/电子类,工业和信息化部人才交流中心,"机器人工程,机械工程,自动化,计算机科学与技术,人工智能","机器人开发,嵌入式系统,机器视觉,ROS,机械设计,编程(C++/Python)","CAIA数字创意赛道,CAIP编程设计赛道,CAIR工程竞技赛道(足球/消防/物流),CAIM工程创意赛道","机器人实物,源代码,技术方案,演示视频",3个月以上,3,中,每年3-5月（以官方通知为准）,6月省赛/7-8月国赛,个人或团队（3-5人/队）,是,"机器人平台,传感器模块,开发板(Arduino/STM32),机械结构件,源代码","赛道方向多需精准选择,部分赛道需现场竞技调试",工业和信息化部人才交流中心通知,"校奖,省奖,国奖",是,"省赛约20-30%,国赛约5-10%"
全国大学生制药工程设计竞赛,制药工程设计竞赛,国家级A类（A4）,化工类/生命科学类,中国医药工程协会,"制药工程,生物工程,化学工程与工艺,药学","制药工程,工艺流程设计,GMP规范,设备选型,AutoCAD制图,工程经济分析",全国统一命题(年度设计任务书),"工艺流程图(PFD/P&ID),设备布置图,设计说明书,经济分析报告",3个月以上,3,高,每年3-4月（以官方通知为准）,7月作品提交/8月全国总决赛,团队（5人/队，同一学校）,部分,"制药工程设计说明书,工艺流程图,设备清单,厂区布置图,GMP合规分析","设计任务书发布时间紧,制药GMP规范要求严格,需跨专业协作",中国医药工程协会通知,"校奖,省奖,国奖",是,省级获奖率约10-15%
全国高校商业精英挑战赛,商业精英挑战赛,国家级A类（A4）,经管类,中国国际贸易促进委员会商业行业委员会,"市场营销,行政管理,国际经济与贸易,会计学,工商管理","市场营销,国际贸易,品牌策划,商务谈判,数据分析,英语应用,PPT答辩","品牌策划竞赛,国际贸易竞赛,跨境电商竞赛,创新创业竞赛,会计与商业管理案例竞赛,文旅与会展创新创业竞赛","品牌策划书,国际贸易参展方案,商业计划书,会计案例分析报告",1-3个月,2,中,每年9-12月（各赛道不同，以官方通知为准）,次年3-5月省赛/5-6月国赛,团队（3-5人/队，指导教师1-2人）,是,"商业策划书,市场调研报告,贸易方案,品牌设计,答辩PPT","赛道极多需精准选择,部分赛道需英语展示",中国国际贸易促进委员会商业行业委员会通知,"校奖,省奖,国奖",是,"省赛约20-30%,国赛约5-10%"
全国数字建筑创新应用大赛,数字建筑大赛,国家级A类（A4）,土木类,中国建设教育协会,"工程管理,土木工程,工程造价,建筑学,建筑环境与能源应用工程","BIM建模,工程管理,工程造价,建筑施工,装配式建筑,绿色建筑",数字建筑创新应用(工程管理/工程造价/建筑设计),"BIM模型,工程管理方案,成本分析报告,施工组织设计",3个月以上,3,中,每年3-5月（以官方通知为准）,6月省赛/7-8月国赛,团队（3-5人/队）,是,"BIM软件(Revit/BIM5D),BIM模型,施工方案,造价文件","BIM软件操作复杂,团队分工协作要求高",中国建设教育协会通知,"校奖,省奖,国奖",是,"省赛约20-30%,国赛约5-10%"
全国企业竞争模拟大赛,企模大赛,国家级A类（A4）,经管类,中国管理现代化研究会决策模拟专业委员会,"工商管理,市场营销,会计学,人力资源管理,经济学","企业运营管理,战略决策,财务分析,市场分析,数据分析,团队协作","企业运营赛道,企业决策赛道","模拟系统运营报告,决策方案",1-3个月,2,中,每年3-4月（以官方通知为准）,4-5月初赛/6月复赛/7月国赛,团队（3-5人/队）,否,"企业模拟系统账号,决策分析工具(Excel),财务报表模板,战略分析模型","决策模拟结果有随机因素,各队伍之间决策速度影响排名",中国管理现代化研究会通知,"校奖,省奖,国奖",是,"省赛约20-30%,国赛约5-10%"
全国大学生物理实验竞赛,物理实验竞赛,国家级A类（A4）,物理类,教育部高等学校物理学类专业教学指导委员会、中国物理学会,"物理学,应用物理学,光电信息科学与工程,材料物理","物理实验设计,数据处理,MATLAB/Python,实验报告撰写,仪器操作","命题实验赛,自选课题实验赛","实验装置实物,实验报告,数据分析结果,演示视频",1-3个月,2,中,每年3-5月（以官方通知为准）,6月作品提交/7-8月评审/9月决赛,团队（≤5人/队）,部分,"实验仪器设备,数据处理工具(Origin/Python),实验记录本,实验报告","实验装置精度要求高,实验结果可重复性关键",中国物理学会通知,"校奖,省奖,国奖",是,"省赛约20-30%,国赛约5-10%"
蓝桥杯全国软件和信息技术专业人才大赛,蓝桥杯,国家级A类（A4）*,计算机类,工业和信息化部人才交流中心,"计算机科学与技术,软件工程,电子信息工程,物联网工程,人工智能","C/C++,Java,Python,算法,数据结构,Web开发,单片机","软件赛(C/C++/Java/Python),嵌入式赛,单片机设计与开发,EDA设计,Web应用开发,物联网设计","源代码,设计文档",1-3个月,2,中,每年10-12月（以官方通知为准）,次年4月省赛/5-6月国赛,个人（部分赛道支持团队≤3人）,否,"编程环境(Dev-C++/Eclipse/PyCharm),历年真题,算法模板库,竞赛辅导书","省赛获奖率约60%但国赛竞争激烈,编程环境配置问题,心理素质要求高",https://dasai.lanqiao.cn,"校奖,省奖,国奖",是,省赛获奖率约60%但国赛竞争激烈
